proj_name	size	jacc	centris	size(KB)
Marcelektro@Log4J-RCE-Implementation	34555	13.9	105.0	35
huangkangyuan@mmall	35623	15.6	105.3	36
koushikkothagal@junit-5-basics-course	35899	11.3	103.3	36
Activiti@activiti-unit-test-template	37199	12.9	142.4	37
wyunan@Log4j-rce	40165	13.7	114.0	40
wucao@mybatis-generator-limit-plugin	40597	13.6	103.5	41
simplesteph@ec2-masterclass-sampleapp	43670	13.5	118.5	44
OneSourceCat@XxlJob-Hessian-RCE	44837	13.5	135.6	45
dmontag@neo4j-unmanaged-extension-template	45471	17.4	101.7	45
mizhoux@mbg-comment	46851	17.4	111.3	47
XanderYe@tmm-cracker	48341	14.9	120.0	48
OneSourceCat@BcelPayloadGenerator	48421	17.2	116.1	48
adamheinrich@native-utils	49405	15.0	155.6	49
ruirodri@introJUnit	49939	14.7	106.5	50
pyloque@iockids	50782	17.2	118.8	51
carlosraphael@javabeanutil-benchmark	51680	12.6	133.0	52
gabrieldim@Shopping-List-API	53634	15.2	122.6	54
Huskehhh@MySQL	54231	14.6	117.5	54
nyg@kraken-api-java	54766	16.2	151.9	55
keith-turner@JSG	55850	11.8	53.1	56
sauce-archives@Java-Junit-Selenium	55973	14.9	100.7	56
isrsal@spring-mvc-logger	56155	13.3	102.2	56
giraffe0813@spring-rabbit-demo	58032	14.6	97.6	58
wucao@java-cloud-storage-service	58070	14.7	113.9	58
sauce-archives@Java-TestNG-Selenium	60855	17.3	134.1	61
JosePaumard@lambda-master-class-part1	63321	14.6	134.7	63
javaparser@javaparser-maven-sample	63531	14.4	135.6	64
leiguorui@Netty-SpringMVC	63821	12.8	101.5	64
zhoumengkang@netty-websocket	63912	17.0	156.2	64
wcnwyx@gm-encryption	63941	14.8	131.2	64
vy@quasar-maven-plugin	65480	18.6	103.6	65
wxynihao@book118-downloader	65761	12.6	137.1	66
bjmashibing@MaShiBingDisrutpor	68741	8.7	26.3	69
dasniko@keycloak-user-spi-demo	69736	15.1	140.8	70
in28minutes@JUnitIn28Minutes	71348	11.4	107.1	71
diogoduailibe@lzstring4j	71439	15.0	126.5	71
gmmstrive@flink-connector-clickhouse	71564	19.5	105.5	72
VirtusAI@clickhouse-client-java	72054	15.4	134.9	72
x-hansong@TinyKvStore	72219	17.6	109.2	72
benjiman@lambda-type-references	74452	14.9	124.7	74
graalvm@graal-js-jdk11-maven-demo	75504	19.3	111.4	76
gwenn@sqlite-dialect	75865	6.5	137.8	76
MyBaron@JAVA_JWT_Token	76403	14.7	135.7	76
stefanosbou@esc-pos-java	77370	15.8	141.8	77
bhattchaitanya@Grafana-Dashboard-Generator	77444	12.6	133.9	77
huyanping@flume-sinks-safe-roll-file-sink	77606	14.8	97.6	78
sabomichal@akka-java-springfactory	78056	12.7	132.7	78
sgmarghade@json-to-avro-schema-generator	78245	10.8	115.5	78
mapr-demos@kafka-sample-programs	78974	8.2	30.4	79
JakeWharton@picasso2-okhttp3-downloader	81250	5.5	34.2	81
ScienJus@spring-authorization-manager	81284	17.5	102.3	81
bomboradata@pubsub-to-bigquery	82450	13.6	138.4	82
pitest@pitest-kotlin	82687	14.8	132.3	83
aznamier@keycloak-event-listener-rabbitmq	82865	19.5	118.2	83
yidasanqian@dynamic-add-date	84106	11.5	106.0	84
core-lib@xjar-maven-plugin	84557	15.7	77.5	85
hengyunabc@executable-embeded-tomcat-sample	85230	15.5	128.4	85
felixgilioli@complete-o-codigo-java	86365	13.7	116.1	86
duhanmin@kafka-flink-hbase	86396	18.9	104.2	86
Consulting4J@lazymongo	86406	15.2	103.9	86
CheatBreaker@Obf	86641	16.4	124.6	87
bluezio@xeger	86917	13.0	134.0	87
big-data-europe@demo-spark-sensor-data	88765	16.1	100.6	89
heremaps@oksse	89224	14.5	111.9	89
veracode-research@rogue-jndi	90943	15.1	112.6	91
adohe-zz@etcd4j	90957	13.5	124.4	91
hardillb@TRADFRI2MQTT	91046	7.6	24.1	91
wdahlenburg@interactsh-collaborator	91341	12.7	102.2	91
zJiaJun@adult-download	92790	15.7	112.7	93
quux00@merkle-tree	92832	13.1	99.0	93
apache@dubbo-rpc-jsonrpc	92966	14.4	135.7	93
ksfzhaohui@shadowsocks-netty-server	93216	13.7	133.8	93
bradforj287@SimpleTextSearch	93756	18.7	133.2	94
ZhuBaker@Tracing	94112	12.7	143.5	94
spinscale@elasticsearch-graphite-plugin	94676	16.3	109.3	95
holyliao@DataPermissionHelper	96114	5.5	48.4	96
guoliao502@crypto	96646	3.3	83.4	97
mvallebr@CSVInputFormat	97660	16.3	115.4	98
akullpp@algodat	97755	10.9	133.9	98
zero11it@acme-client	99309	18.5	135.7	99
crossoverJie@leetcode	100280	17.3	109.8	100
jetty-project@embedded-jetty-jsp	101400	20.3	40.3	101
ertugrulcetin@CommentRemover	101655	14.3	108.0	102
warmuuh@libsass-maven-plugin	102012	7.8	134.8	102
pac4j@spring-security-pac4j	102762	10.4	140.5	103
dessalines@reddit-history	104960	14.6	103.7	105
gwallet@keycloak-sms-authenticator	105346	10.8	100.8	105
gaul@are-we-consistent-yet	106652	17.6	120.0	107
ksprojects@zkcopy	108798	16.0	113.8	109
segmentio@retrofit-jsonrpc	109358	15.8	137.3	109
PhantomThief@simple-pool	109572	13.5	102.6	110
zerh@ServletIO	109998	17.9	136.6	110
lexburner@kdio	110456	14.7	117.1	110
lior-k@fast-elasticsearch-vector-scoring	110662	14.0	108.9	111
gousiosg@java-callgraph	111897	16.7	137.0	112
neilalexander@jnacl	112533	14.7	107.1	113
Nova41@SnowLeopard	112907	13.5	110.9	113
jeffreykog@netty-mqtt	113476	15.7	125.0	113
elasticsearchfr@hands-on	113687	13.4	163.5	114
jclagache@spring-data-mybatis	115179	14.7	109.9	115
xxux11@http-methods-discloser	115944	18.8	133.4	116
shezhiming@calcite-demo	119620	12.8	131.6	120
danfickle@java-bootstrap-laf	120707	3.6	102.3	121
google@guava-beta-checker	121059	16.6	158.0	121
mnadeem@sql-table-name-parser	121554	6.6	151.0	122
jagrosh@JagTag	121771	17.7	116.0	122
j-martinez-dev@shiro-jwt	122922	12.4	138.0	123
Auties00@Reified	123742	13.7	111.1	124
msanez@sonar-branch-community	123938	16.8	153.8	124
inreachventures@aws-signing-request-interceptor	124470	5.8	99.3	124
fordfrog@xml2csv	125879	13.8	102.5	126
HouariZegai@Calculator	126402	14.7	136.8	126
hengyunabc@zpush	127160	14.2	108.3	127
ozlerhakan@mongolastic	127673	14.3	134.8	128
awslabs@kinesis-kafka-connector	127814	13.7	126.9	128
superalsrk@cn.stackbox.archetypes	130781	12.1	141.8	131
inode-@AttackSelector	131906	15.9	127.0	132
vivekragunathan@JINQ	135365	14.8	138.0	135
square@pagerduty-incidents	135537	10.3	84.4	136
internetitem@logback-elasticsearch-appender	135712	10.8	133.8	136
zuowang@kafka-protobuf	137367	13.7	127.9	137
davidkiss@spring-boot-quartz-demo	137443	17.7	134.9	137
mkyong@java-concurrency	137518	15.0	144.3	138
bingoohuang@idworker-client	137864	13.5	149.5	138
raptor-group@keycloak-login-recaptcha	138532	11.7	114.1	139
linux-china@h2-functions-4-mysql	138771	15.8	127.3	139
jonathanhds@sql-builder	139672	13.3	116.4	140
cognitree@flume-elasticsearch-sink	140229	15.2	123.8	140
anomaly2104@lld-parking-lot	140544	14.8	134.2	141
AndreasKl@spring-boot-mvc-completablefuture	140674	15.7	139.7	141
nkomarn@harbor	142411	10.5	155.6	142
opentelecoms-org@smsrouter	142929	17.2	136.1	143
djdjalas@SpringBootIn50	143771	14.4	105.0	144
js-cookie@java-cookie	145998	14.5	136.2	146
alaisi@nalloc	146692	12.3	117.6	147
pcan@feign-client-test	147486	13.6	97.6	147
bouncestorage@chaos-http-proxy	147511	15.2	113.1	148
outbrain@gruffalo	147644	15.2	116.1	148
robrua@easy-bert	148085	13.3	122.4	148
profesorfalken@jPowerShell	148618	14.2	139.9	149
masasdani@paypal-springboot	149141	15.9	27.6	149
ivi-ru@flink-clickhouse-sink	150781	17.5	107.8	151
RationaleEmotions@just-ask	153134	16.2	133.3	153
SAP-archive@spring-cloud-sap	154077	17.1	155.6	154
hkamel@sonar-auth-aad	154394	15.8	122.8	154
mercyblitz@dubbo-registry-nacos	155979	10.1	105.2	156
downgoon@autorest4db	157755	15.5	130.6	158
InventivetalentDev@PacketListenerAPI	159162	14.9	104.6	159
biezhi@30-seconds-of-java8	159266	14.8	106.8	159
elisarver@selophane	159780	15.0	121.3	160
societe-generale@arch-unit-maven-plugin	160417	12.8	136.6	160
binarywang@qrcode-utils	163207	14.6	102.5	163
MitchTalmadge@ASCII-Data	163503	14.5	106.4	164
jeevatkm@excelReader	165452	7.2	112.2	165
hsp8712@addrparser	166022	14.9	127.8	166
Hervian@lambda-factory	167118	14.8	110.3	167
linux-china@spring-boot-starter-httpclient	167698	6.6	41.1	168
uncodecn@uncode-schedule	168450	11.7	135.1	168
jcabi@jcabi-manifests	171800	12.4	132.0	172
JDiscordBots@Me-e--bypasser	172221	15.5	135.9	172
aws@aws-secretsmanager-caching-java	173045	17.0	45.2	173
sualeh@magnetictrackparser	174033	16.0	140.4	174
cassiomolin@jersey-jwt	174652	13.4	134.0	175
aboullaite@spring-boot-jwt	175713	18.7	111.6	176
yu-iskw@bigquery-to-datastore	176082	12.2	128.5	176
springframeworkguru@blogposts	177206	9.8	103.3	177
amazon-archives@aws-dynamodb-session-tomcat	178332	10.4	90.1	178
queer@utt	181167	14.5	129.4	181
whois-server-list@public-suffix-list	181760	13.0	144.2	182
yonathan95@BinanceTradingBot	182114	14.6	32.3	182
laoyog@springboot-login	185051	11.4	140.7	185
WillTong@java-docker-exec	185836	16.5	132.8	186
idreamshen@spring-boot-with-multi-redis	186464	14.7	133.0	186
maxdemarzi@graph_processing	186512	14.8	121.9	187
tetrapods@raft	186944	3.2	27.0	187
JakeWharton@twirl-maven-plugin	189488	12.5	157.9	189
tulskiy@jkeymaster	189882	13.1	99.8	190
ZsBT@mrz-java	191814	12.8	127.2	192
belliottsmith@injector	193708	12.9	27.7	194
mymonkey110@event-light	197534	19.3	115.0	198
khmarbaise@incremental-module-builder	197850	6.5	109.4	198
Pyknic@MapStream	198006	14.2	114.1	198
hamnis@json-collection	203642	17.0	127.4	204
wvengen@proguard-maven-plugin	204183	15.6	105.5	204
google@allocation-instrumenter	205935	15.2	132.4	206
csimplestring@spring-jwt-gateway	206222	14.1	129.0	206
Valkryst@Schillsaver	209012	14.6	105.4	209
mstahv@jpa-invoicer	209175	16.5	104.3	209
robinhowlett@everything-ssl	211564	12.2	50.4	212
elastic@elasticsearch-metrics-reporter-java	212823	13.8	158.5	213
codelibs@elasticsearch-cluster-runner	214057	12.6	139.7	214
lileialg@mvt	214334	18.0	104.9	214
100cm@thunder	214436	14.5	118.6	214
albanoj2@order-rest-backend	216436	16.1	139.6	216
Lukkit@Lukkit	217193	12.2	141.5	217
269941633@spring-boot-mybatis-mysql-write-read	218035	14.2	104.6	218
arafalov@git-to-solr	222200	10.6	125.0	222
koldaman@springboot-jwt-swagger	222247	13.8	115.8	222
BHRother@spring-boot-security-jwt	222353	17.2	130.9	222
Shuyun123@seaweedfs-java-client	223222	16.8	117.6	223
yangwenjie88@delay-queue	223315	15.5	103.1	223
frode-carlsen@cron	223392	7.5	21.1	223
jcabi@jcabi-ssh	223995	14.9	101.6	224
gini@dropwizard-gelf	224603	16.0	116.9	225
2lstudios-mc@AntiBot	225491	13.8	136.1	225
springframeworkguru@testing-java-junit5	225770	11.4	109.2	226
zhongxunking@ids	228461	12.7	107.2	228
groupe-sii@keycloak-json-remote-claim	229271	15.5	136.1	229
walokra@markdown-page-generator-plugin	230172	12.9	115.4	230
smartcat-labs@cassandra-migration-tool-java	231117	14.3	119.7	231
coding-parrot@chess-engine	231949	12.3	25.0	232
spotify@fmt-maven-plugin	236591	13.1	111.3	237
coveooss@fmt-maven-plugin	236607	14.2	140.5	237
xingty@shadowsocks-java	237093	16.6	140.6	237
knowm@Yank	237301	13.0	107.9	237
bpodgursky@jbool_expressions	237651	16.4	140.6	238
awhitford@lombok.maven	238196	12.0	129.0	238
threedr3am@JSP-WebShells	238540	16.7	133.1	239
mojo-executor@mojo-executor	241428	15.7	125.8	241
gui66497@zzdj_dhcp	241782	12.8	132.4	242
jmurty@java-xmlbuilder	242687	14.6	156.1	243
RTykulsker@JavaBeanstalkClient	242898	13.5	133.3	243
fmmfonseca@completely	244248	15.8	111.8	244
iSafeBlue@fastjson-autotype-bypass-demo	245111	13.6	144.2	245
spring-attic@aws-maven	246571	11.9	128.4	247
pac4j@play-pac4j	247578	16.1	139.0	248
lazee@freemarker-java-8	247961	9.9	107.4	248
jexp@batch-import	248037	11.5	131.9	248
PhantomThief@buffer-trigger	248932	12.6	135.4	249
lucasweb78@aws-v4-signer-java	251379	13.5	137.3	251
logzio@jmx2graphite	253639	12.9	121.5	254
emorynlp@nlp4j-old	254194	16.0	112.4	254
gui66497@esdatatool	254446	14.4	127.4	254
CloudBees-community@syslog-java-client	255702	16.5	133.8	256
ishuibo@rsa-encrypt-body-spring-boot	256965	19.6	144.9	257
stateless4j@stateless4j	259207	18.2	112.8	259
wucao@jw3gparser	262134	13.7	133.5	262
BranislavLazic@spring-thymeleaf-pagination	265061	16.3	109.3	265
spotify@hdfs2cass	265868	15.3	136.9	266
shinyhut@vernacular-vnc	267726	13.0	137.2	268
myfear@alpakka-jdbc	270040	12.6	131.8	270
EalenXie@springboot-batch	272656	12.5	138.8	273
assertthat@selenium-shutterbug	274355	14.2	137.6	274
dibbhatt@kafka-spark-consumer	275433	15.1	86.7	275
sangupta@gather	277153	10.9	136.7	277
jacekkow@keycloak-protocol-cas	278888	15.9	137.1	279
sdstoehr@har-reader	279283	14.1	158.7	279
qala-io@java-course	279970	14.4	106.2	280
GeyserMC@GeyserConnect	280841	9.8	135.4	281
j-easy@easy-states	284447	17.0	111.9	284
aerospike@aerospike-loader	287390	14.0	122.5	287
barend@java-iban	289301	10.1	132.2	289
sualeh@creditcardnumber	290363	14.0	111.0	290
takari@takari-local-repository	291699	14.3	98.8	292
vert-x3@vertx-zookeeper	292142	7.2	135.9	292
alastairmccormack@keyutil	294597	13.1	96.7	295
zsoltherpai@feather	295880	20.8	105.7	296
Scrin@RuuviCollector	296007	11.3	102.0	296
duma-repo@manis-study	296163	11.1	107.8	296
violetagg@reactor-netty-workshop	298316	16.2	94.9	298
Nordstrom@kafka-connect-lambda	298730	14.9	133.0	299
svlada@springboot-security-jwt	299283	12.8	111.3	299
dadoonet@spring-elasticsearch	302469	13.1	29.3	302
hunter-ja@ddos	302481	9.9	134.7	302
davidmarquis@fluent-interface-proxy	302602	16.9	120.9	303
dadiyang@equator	302626	8.0	104.6	303
eh3rrera@minitwit	304619	13.2	105.2	305
yandex-qatools@matchers-java	304870	10.7	128.2	305
tolbertam@sstable-tools	305357	18.4	124.2	305
aliyun@aliyun-log-flink-connector	306140	13.2	104.2	306
anabneri@tdd-star-wars	306456	14.7	134.3	306
orien@bean-matchers	306536	14.6	129.0	307
igorkosandyak@spring-boot-kafka	310068	11.9	128.9	310
libgdx@libgdx-maven-archetype	311795	12.5	132.5	312
JetBrains@andel	313056	17.0	135.8	313
hwding@pdf-unstamper	313460	10.9	94.6	313
phybros@servertap	314052	6.2	112.0	314
lukaszlenart@launch4j-maven-plugin	315485	15.4	139.0	315
MichelliBrito@produtos-apirest	315809	13.5	136.4	316
microsoft@Dhalion	316770	16.4	152.6	317
michaeltandy@contraction-hierarchies	318122	7.7	107.9	318
Apedad@spring-boot-dynamic-datasource-started	320414	14.5	104.7	320
chanjarster@activiti-learn	321272	16.9	104.6	321
MaBeuLux88@java-spring-boot-mongodb-starter	323609	13.2	113.5	324
springframeworkguru@spring5-recipe-app	329546	8.7	28.0	330
ryan-clancy@PlugMan	329608	12.4	131.4	330
tbroyer@gwt-maven-plugin	331309	13.7	120.5	331
healenium@healenium-web	331327	16.4	138.7	331
acenelio@workshop-springboot2-mongodb	331453	14.8	136.2	331
GeneralElectric@snowizard	333988	16.4	24.2	334
GuillaumeFalourd@java-training-api	336331	10.5	56.1	336
Ardesco@driver-binary-downloader-maven-plugin	338387	10.1	141.4	338
glytching@junit-extensions	339488	11.3	134.3	339
roookeee@datus	339723	14.1	139.6	340
rohanpadhye@vasco	340795	15.6	146.8	341
RameshMF@registration-login-springboot-security-thymeleaf	341371	17.1	132.5	341
OpenAPITools@jackson-databind-nullable	342715	16.8	135.9	343
binarywang@weixin-java-mp-demo	345244	17.8	115.2	345
nitram509@jmacaroons	347039	15.5	134.6	347
SonarSource@sonar-scanner-cli	347569	17.1	139.4	348
philwebb@testing-spring-boot-applications	347637	13.4	132.8	348
mybatis@velocity-scripting	348180	13.7	145.0	348
RameshMF@employee-management-webapp	349476	13.2	156.3	349
zj1997@pengpeng	352003	16.5	144.2	352
redraiment@jactiverecord	354149	11.6	108.7	354
callicoder@spring-boot-actuator-demo	355551	16.9	131.6	356
jiuxiantuan@mossrose	357745	12.1	139.8	358
amigoscode@spring-s3-react-file-upload	358616	14.8	146.2	359
apache@maven-clean-plugin	359550	13.7	122.4	360
vbauer@houdini	359673	18.7	41.4	360
stevenkang@model-lib	359776	15.8	129.1	360
jexp@neo4j-shell-tools	362802	15.4	113.6	363
JavaOPs@topjava	362943	17.1	104.3	363
SERG-Delft@jpacman-framework	365377	16.6	107.7	365
imaginalis@spring-boot-fcm-push-notifications	365772	15.6	117.2	366
qiushi123@wxapppush	366811	14.3	99.5	367
hongwen1993@fast-drools-spring-boot-starter	367157	18.6	139.1	367
odrotbohm@spring-events-deep-dive	367769	16.7	134.3	368
bjmashibing@JUC	372321	13.2	158.2	372
amigoscode@spring-data-jpa-course	374444	14.3	128.8	374
jinhang@OkFileTransfer	377035	17.1	142.4	377
mailjet@mailjet-apiv3-java	377187	11.4	143.7	377
anabneri@Pokedex	377905	16.2	115.0	378
aws-cloudformation@cloudformation-resource-schema 378088 15.49043083190918 122.04144382476807	378088	15.5	122.0	378
zeldan@spring-boot-oauth2-password-flow	379348	13.9	106.7	379
bytedeco@procamtracker	382393	17.3	132.2	382
FangCheng666@zn_wifi_crack	382870	17.2	132.6	383
jenkinsci@workflow-step-api-plugin	386477	15.1	148.1	386
redfx-quantum@strangefx	386878	16.9	105.7	387
julietkilo@CANBabel	387860	12.1	145.4	388
FasterXML@jackson-module-jaxb-annotations	397831	3.8	78.2	398
wstrange@GoogleAuth	398896	10.8	131.7	399
Azure@azure-documentdb-java	400402	15.3	110.7	400
medcl@elasticsearch-analysis-stconvert	403948	13.5	143.9	404
koraktor@mavanagaiata	405846	12.8	119.3	406
a252937166@toutiaocrawler	408543	16.5	135.0	409
mlaccetti@JavaPNS	410963	13.9	126.3	411
Leibnizhu@spring-boot-starter-netty	413631	16.3	156.3	414
mechero@spring-boot-amqp-messaging	416484	14.2	128.8	416
jenkinsci@htmlpublisher-plugin	417728	15.6	128.0	418
scylladb@kafka-connect-scylladb	421699	7.1	42.8	422
abuijze@bike-rental-demo	422573	14.7	130.5	423
fzakaria@mvn2nix	423240	15.2	132.3	423
Gikkman@Java-Twirk	424298	16.4	147.3	424
szhnet@kcp-netty	424435	17.7	141.2	424
amigoscode@jdbc	425285	15.3	123.4	425
thatcherclough@BetterBackdoor	430806	15.6	100.7	431
deanveloper@SkullCreator	433899	8.5	134.2	434
klangfarbe@UML-Statechart-Framework-for-Java	436874	18.6	149.3	437
Smith-Cruise@Spring-Boot-Security-JWT-SPA	437043	15.6	115.9	437
Matrix6677@EasyRpc	439245	14.2	145.2	439
Blazemeter@jmeter-http2-plugin	446087	14.5	131.9	446
WooMinecraft@WooMinecraft	446638	10.5	107.7	447
adlnet@jxapi	448270	13.3	142.2	448
Kahmul@SpeedSouls-Save-Organizer	450731	16.1	121.4	451
segmentio@analytics-java	451352	11.1	107.5	451
indeedeng@mph-table	451959	14.5	139.7	452
jobmission@oauth2-client	452365	7.2	135.5	452
opentimestamps@java-opentimestamps	460968	17.7	110.3	461
plantuml@plantuml-server	461012	12.1	143.8	461
wdahlenburg@spring-gateway-demo	462904	16.5	101.9	463
SimplyUb@MultiChainJavaAPI	463832	13.1	137.4	464
HMS-Core@hms-push-serverdemo-java	468076	19.6	122.9	468
amigoscode@software-testing	472481	17.3	104.2	472
xsank@Shour	473216	12.7	46.8	473
google@gke-auditor	473872	9.9	135.1	474
hal@elemento	473930	14.2	126.1	474
yegor256@threecopies	477773	13.0	131.7	478
allbegray@slack-api	482076	11.4	145.6	482
JHUAPL@AccumuloGraph	483525	18.3	136.3	484
makersoft@mybatis-shards	487839	13.6	107.8	488
fuzhengwei@itstack-demo-bytecode	489076	12.7	108.6	489
dmeiners88@sonarqube-prometheus-exporter	490976	13.4	133.2	491
Col-E@SimAnalyzer	491910	16.3	132.4	492
kcthota@emoji4j	493371	11.0	133.8	493
estebanwasinger@dataweave-playground	497828	9.9	135.9	498
SpringForAll@spring-boot-starter-swagger	500489	12.0	106.0	500
MX-Futhark@hook-any-text	501894	13.8	114.5	502
FasterXML@jackson-dataformat-protobuf	502182	16.2	112.6	502
spotify@docker-maven-plugin	503059	7.8	140.6	503
liolay@shiro-spring-boot-starter	503552	10.0	139.7	504
almondtools@stringsearchalgorithms	506949	13.4	138.0	507
Brettflan@WorldBorder	507722	14.5	105.6	508
isopropylcyanide@Jwt-Spring-Security-JPA	512461	10.0	32.7	512
micromata@JiraRestClient	512996	14.6	107.5	513
ehabqadah@spring-boot-microservices-best-practices	513842	12.9	130.6	514
gitchennan@elasticsearch-analysis-lc-pinyin	518458	18.4	139.1	518
perwendel@spark-template-engines	520574	13.2	133.1	521
jpomykala@spring-higher-order-components	521255	15.0	105.2	521
leonoel@missionary	522350	13.4	93.2	522
JEFF-Media-GbR@ChestSort	528817	13.5	141.8	529
izern@sequence	535971	16.9	147.9	536
MyCATApache@Mycat-NIO	536777	10.7	90.0	537
americanexpress@unify-jdocs	545527	14.8	103.3	546
mojohaus@extra-enforcer-rules	545580	14.1	125.2	546
hiwepy@disruptor-spring-boot-starter	546448	14.6	122.3	546
mokiat@java-data-front	548642	4.1	26.0	549
aurasphere@gomorra-sql	548693	14.3	142.8	549
icann@czds-api-client-java	549566	13.9	136.6	550
mercadolibre@java-sdk	551139	18.0	143.9	551
bekkopen@NoCommons	552126	18.8	120.1	552
jkutner@saferegex	554449	14.7	109.2	554
git-commit-id@git-commit-id-maven-plugin	554765	17.3	132.0	555
koushikkothagal@betterreads-webapp	554932	12.4	106.3	555
itfsw@QueryBuilder	564102	14.2	159.0	564
mrniko@netty-socketio	578411	13.5	134.7	578
RohanNagar@jmail	587867	12.8	134.4	588
spotify@async-google-pubsub-client	595681	13.6	142.4	596
Yubico@ykneo-oath	599575	16.8	142.0	600
bezkoder@spring-boot-spring-security-jwt-authentication	599799	24.5	126.4	600
skuzzle@restrict-imports-enforcer-rule	601931	14.5	139.6	602
Progether@JAdventure	602280	13.3	108.1	602
liquibase@liquibase-oracle	602313	10.9	59.6	602
vladimir-bukhtoyarov@rolling-metrics	602413	13.0	125.2	602
vert-x3@vertx-grpc	602924	18.5	109.1	603
robotframework@JavalibCore	610042	12.9	145.3	610
davidmoten@rxjava-jdbc	611561	14.5	106.0	612
daniel-shuy@kafka-protobuf-serde	615095	12.5	117.3	615
mojohaus@buildnumber-maven-plugin	626000	17.7	107.6	626
gdejohn@procrastination	630072	10.6	111.1	630
daggerok@streaming-file-server	631328	13.2	139.2	631
flinbein@PowerNBT	639699	13.2	136.7	640
xiao-akatsuki@axios	641634	12.5	108.2	642
antkorwin@better-strings	645045	10.8	101.9	645
americanexpress@unify-flowret	647943	14.5	135.5	648
gkcs@Competitive-Programming	649684	14.7	126.9	650
snicoll@smart-meter	654281	11.6	135.7	654
jenkinsci@ui-samples-plugin	657495	15.0	104.8	657
scijava@parsington	658182	16.4	111.9	658
jaksa76@paxos	663604	13.2	137.2	664
virjarRatel@ratel-server	664044	10.0	113.8	664
xmlin1995@SN	667749	13.0	138.4	668
zrlio@disni	671888	13.9	136.6	672
conversant@disruptor	673709	15.2	109.2	674
lexburner@zuul-gateway-demo	676380	15.5	132.1	676
vlingo@xoom-symbio	676902	19.8	130.8	677
cdk@depict	680602	11.8	104.6	681
Stratio@stratio-connector-mongodb	684965	4.9	85.7	685
Stratio@stratio-connector-elasticsearch	692068	12.8	80.2	692
jenkinsci@remote-file-plugin	694720	14.4	102.5	695
ahmet-cetinkaya@hrms-project-backend	698240	18.3	103.6	698
jenkinsci@throttle-concurrent-builds-plugin	707547	13.1	104.6	708
tminglei@binder-swagger-java	717428	13.4	117.7	717
apache@maven-wrapper	730873	17.5	128.0	731
taycaldwell@riot-api-java	731471	3.0	144.0	731
Ardesco@Powder-Monkey	734480	15.9	118.9	734
Blackdread@sql-to-jdl	744252	13.8	73.4	744
jnidzwetzki@bitfinex-v2-wss-api-java	751415	12.9	158.6	751
lishuo9527@MybatisGenerator-UI	755005	13.2	106.0	755
decentralized-identity@universal-registrar	758108	13.3	119.4	758
district10@md2html	762840	12.3	135.9	763
lpxzz@spring-boot-WebSocket-Netty	763744	17.8	104.0	764
MySixGod@SpringImpl_v2.0	764063	15.0	142.5	764
zDevelopers@ImageOnMap	775013	18.7	111.4	775
airlift@slice	775684	14.5	131.6	776
Garten@sourcecraft	776410	18.6	153.4	776
fuinorg@ddd-4-java	777509	15.5	120.4	778
bootsrc@containerx	777763	18.5	138.8	778
alexyz@poker	780708	14.8	160.7	781
Frameworkium@frameworkium-core	781809	12.7	144.6	782
acmsigsoft@submission-checker	783314	19.5	102.7	783
GeorgH93@Minepacks	788472	11.1	141.8	788
Sable@heros	792482	14.2	140.5	792
mybatis@migrations	792928	16.5	144.5	793
gazbert@java-design-patterns	795550	13.7	114.9	796
mechero@spring-boot-cucumber	797453	16.3	156.2	797
goncalomb@NBTEditor	800265	10.4	112.4	800
CourseOrchestra@2bass	800776	16.6	129.0	801
jenkinsci@jclouds-plugin	807959	10.9	63.5	808
bastillion-io@Bastillion-EC2	809276	16.2	115.2	809
jkotlinski@lsdpatch	809568	16.9	131.2	810
bit4woo@reCAPTCHA	813760	12.7	143.3	814
APIJSON@apijson-framework	816092	12.5	127.6	816
ddragosd@ffmpeg-vod-transcoder	818028	10.2	132.8	818
IHTSDO@snomed-owl-toolkit	819884	15.8	112.8	820
spring-projects@spring-data-keyvalue	821491	16.6	140.2	821
schibsted@jslt	826975	11.4	137.4	827
veracode-research@spring-view-manipulation	850347	11.0	101.6	850
vert-x3@vertx-stack	852221	14.6	132.9	852
soulwing@tnm4j	858061	11.1	143.9	858
reficio@p2-maven-plugin	864848	10.8	36.0	865
amazon-archives@pocket-etl	865952	12.3	119.5	866
gitflow-incremental-builder@gitflow-incremental-builder	870722	13.4	155.2	871
Amazingwujun@mqttx	878401	16.4	118.8	878
FusionAuth@fusionauth-jwt	878642	12.4	124.5	879
mvallim@java-fluent-validator	879068	14.5	104.7	879
spring-io@github-changelog-generator	879424	14.6	140.7	879
redfx-quantum@strange	892193	12.3	160.8	892
moom0o@AnarchyExploitFixes	912219	16.1	144.4	912
Simmetrics@simmetrics	912584	13.9	124.0	913
mechero@spring-boot-rest-exceptions	936068	17.4	104.0	936
WaterdogPE@WaterdogPE	952753	15.1	143.7	953
benalexau@rpc-bench	964042	10.7	129.8	964
liquibase@liquibase-percona	966049	13.6	107.5	966
scipr-lab@dizk	969600	15.5	154.3	970
legacyfighter@cabs-java	973252	14.3	140.2	973
esastack@esa-httpserver	978390	17.1	111.6	978
mongojack@mongojack	979799	6.2	107.0	980
bohrqiu@watcher	982354	8.2	144.1	982
jeffreyscarpenter@reservation-service	994637	15.2	118.9	995
javaee@servlet-spec	1007946	15.0	132.8	1008
vert-x3@vertx-redis-client	1023295	19.8	138.5	1023
Syncleus@Ferma	1031018	13.3	144.7	1031
njfox@Java-Deserialization-Exploit	1033162	15.6	120.5	1033
google@jarjar	1034253	14.0	103.2	1034
Devskiller@jfairy	1039428	11.9	146.1	1039
ef-labs@vertx-jersey	1045618	15.5	142.6	1046
BottegaIT@ddd-leaven-v2	1054096	16.7	112.0	1054
openmessaging@dledger	1062166	8.3	139.9	1062
simonbasle@practicalRx	1075458	12.2	141.1	1075
Refactoring-Bot@Refactoring-Bot	1078718	12.4	116.8	1079
TheHolyWaffle@TeamSpeak-3-Java-API	1084357	15.1	145.4	1084
Shurlormes@Activiti	1084491	3.1	132.4	1084
apache@maven-checkstyle-plugin	1113628	17.9	136.3	1114
jgrandja@spring-security-oauth-2-4-migrate	1116510	3.7	28.3	1117
jenkinsci@envinject-plugin	1127031	14.2	143.2	1127
dadiyang@dataprocessor	1131815	14.8	137.5	1132
apache@datasketches-hive	1138182	12.9	124.7	1138
OpenHFT@Chronicle-Network	1138876	13.6	162.8	1139
ZhangJiupeng@AgentX	1143758	17.5	136.5	1144
vlingo@xoom-http	1146879	17.1	149.4	1147
jmeter-maven-plugin@jmeter-maven-plugin	1147188	17.1	136.6	1147
luontola@cqrs-hotel	1148927	14.0	142.5	1149
root-wyj@springboot_im	1157255	13.5	115.0	1157
Neop@mudmap2	1175532	11.5	134.6	1176
jinyi233@https-github.com-RichardWarburton-java-8-Lambdas-exercises	1176682	17.0	127.3	1177
eBay@parallec	1181180	16.2	140.6	1181
matthiaszimmermann@ethereum-paper-wallet	1186273	12.6	157.5	1186
allgood@OpenCV-3.1.0-Android	1199120	15.6	136.3	1199
Valkryst@VTerminal	1199893	16.1	137.1	1200
mybatis@jpetstore-6	1221321	15.3	140.1	1221
contentful@contentful.java	1234508	16.2	124.4	1235
averemee-si@oracdc	1242201	13.3	113.4	1242
liuyangming@ByteJTA	1247286	18.9	124.9	1247
jenkinsci@azure-vm-agents-plugin	1247856	15.4	136.7	1248
JamesZBL@java_design_patterns	1253076	14.0	115.9	1253
jmrozanec@cron-utils	1256770	14.0	148.9	1257
mongobee@mongobee	1267085	14.1	67.1	1267
TownyAdvanced@SiegeWar	1283261	3.3	104.6	1283
jenkinsci@chucknorris-plugin	1283700	15.8	103.1	1284
uwolfer@gerrit-rest-java-client	1284257	13.5	133.7	1284
keighrim@mae-annotation	1287859	14.6	113.2	1288
koraktor@steam-condenser-java	1293907	12.4	117.2	1294
fiji@Stitching	1308885	13.5	115.4	1309
apache@commons-email	1359915	15.7	115.1	1360
AxonFramework@extension-kafka	1368890	16.3	142.6	1369
assertj@assertj-assertions-generator	1373761	14.1	143.5	1374
uwol@computational-economy	1386905	12.1	154.3	1387
BerryWorksSoftware@edireader	1390750	18.5	144.6	1391
CodeNerve@Let-Us-Java	1398493	13.6	162.8	1398
tinmegali@Oauth2-Stateless-Authentication-with-Spring-and-JWT-Token	1400449	13.3	134.1	1400
rnorth@duct-tape	1401895	14.5	137.6	1402
FudanSELab@CLDIFF	1403340	12.3	146.5	1403
mp911de@logstash-gelf	1416703	16.3	113.2	1417
dequelabs@axe-core-maven-html	1420084	12.1	140.6	1420
libertymutual@herman	1427750	13.9	144.8	1428
starblues-zhuo@springboot-plugin-framework-parent	1446983	13.8	158.0	1447
leangen@graphql-spqr	1454460	14.4	120.2	1454
msemys@esjc	1466094	17.0	128.6	1466
graphstream@gs-ui-javafx	1476507	14.4	114.1	1477
EliMirren@VX-API-Gateway	1513802	9.2	110.7	1514
dstar55@100-words-design-patterns-java	1513837	14.5	140.9	1514
zhuowei@RaspberryJuice	1517539	14.7	106.1	1518
spring-projects-experimental@spring-cloud-etcd	1521317	11.9	139.6	1521
apache@commons-fileupload	1527156	12.5	115.7	1527
xiaoguichao@mr	1528338	17.0	143.8	1528
AmadeusITGroup@sonar-stash	1580147	14.4	105.1	1580
HolgerHees@cloudsync	1580183	17.9	127.8	1580
simioni87@auth_analyzer	1584650	12.8	110.4	1585
adminfaces@admin-template	1586219	13.4	99.7	1586
gtiwari333@java-inventory-management-system-swing-hibernate	1590085	13.7	116.6	1590
protegeproject@mapping-master	1593931	14.5	169.4	1594
paul-hammant@ngWebDriver	1608354	18.1	155.8	1608
fiber-space@jupyter-kernel-jsr223	1653537	12.4	124.0	1654
THLfi@koronavilkku-backend	1653575	13.5	137.1	1654
jakartaee@messaging	1673741	11.5	130.1	1674
niezhiliang@alipay	1695897	13.9	118.0	1696
jenkinsci@ldap-plugin	1697566	13.4	141.7	1698
cescoffier@reactive-coffeeshop-demo	1703612	14.4	101.8	1704
radkovo@CSSBox	1707900	13.7	91.8	1708
RipMeApp@ripme	1737909	11.9	142.5	1738
vert-x3@vertx-service-discovery	1739100	15.0	142.6	1739
zalando-incubator@catwatch	1748155	16.1	147.0	1748
igor-baiborodine@vaadin-demo-bakery-app	1755024	15.4	129.8	1755
hackhu2019@offer	1791972	11.9	83.3	1792
promregator@promregator	1794350	13.7	115.4	1794
instaclustr@esop	1800535	15.0	147.2	1801
apache@commons-pool	1813980	11.5	143.7	1814
openjfx@samples	1814850	16.3	138.7	1815
ExpediaGroup@pitchfork	1814889	14.7	122.8	1815
Wang-Jun-Chao@leetcode	1823817	5.1	54.1	1824
snicoll@demo-animated-banner	1825520	12.5	123.8	1826
vert-x3@vertx-config	1849102	18.5	109.2	1849
HarvardPL@formulog	1879487	17.5	144.8	1879
spring-petclinic@spring-framework-petclinic	1879799	16.0	126.6	1880
ZapBlasterson@crushpaper	1891886	14.7	116.3	1892
feedzai@pdb	1924820	15.3	121.1	1925
farin@JCloisterZone	1944712	15.0	149.4	1945
codecentric@cxf-spring-boot-starter	1990869	15.5	121.3	1991
mybatis@ibatis-2	2004775	13.4	151.4	2005
yeshodhan@android-jaxb	2033402	13.6	155.8	2033
banq@order	2044419	18.0	108.4	2044
KittehOrg@KittehIRCClientLib	2058197	16.6	140.5	2058
cosen1024@community	2070819	19.6	139.8	2071
ypriverol@spark-java8	2145896	16.2	111.3	2146
spring-projects@spring-petclinic	2158797	14.4	136.8	2159
junbaor@jike-cli	2162922	18.2	140.4	2163
nobodyiam@spring-cloud-in-action	2177367	15.7	104.9	2177
startSnow@SpringCloud-security-oauth2	2210710	16.7	114.0	2211
google@turbine	2211067	13.3	118.8	2211
horrorho@LiquidDonkey	2232788	12.1	161.1	2233
jenkinsci@subversion-plugin	2243509	12.4	158.2	2244
apache@commons-validator	2269928	18.0	137.5	2270
BNYMellon@CodeKatas	2288473	13.3	125.6	2288
memiiso@debezium-server-iceberg	2289395	14.4	79.0	2289
libraryaddict@LibsDisguises	2293144	11.4	124.4	2293
couchbase@CouchbaseMock	2305512	11.7	130.0	2306
pazone@ashot	2307825	17.9	143.1	2308
graylog-labs@graylog-plugin-spaceweather	2309544	14.3	127.9	2310
jenkinsci@config-file-provider-plugin	2338248	15.2	116.6	2338
cptanalatriste@isula	2389322	14.0	142.5	2389
bonigarcia@mastering-junit5	2399346	13.8	146.3	2399
jenkins-zh@mirror-adapter	2409085	14.5	158.5	2409
ShiftLeftSecurity@tinkergraph-gremlin	2425754	17.2	160.7	2426
confluentinc@kafka-connect-jdbc	2435374	14.7	134.1	2435
bit4woo@domain_hunter	2437205	13.5	102.3	2437
gephi@graphstore	2438793	16.6	118.4	2439
jomarnavarro@final-project	2474697	16.7	133.8	2475
piomin@sample-spring-microservices-new	2481929	18.6	125.0	2482
bijukunjummen@spring-cloud-ping-pong-sample	2484108	15.1	104.9	2484
neo4j-contrib@osm	2487973	13.8	133.9	2488
ludovicianul@pl4j	2517547	13.9	120.8	2518
interference-project@interference	2529513	13.2	138.2	2530
codingmiao@ngineureka	2549097	14.4	109.8	2549
clearnlp@clearnlp	2583171	16.7	146.5	2583
jsonld-java@jsonld-java	2591564	16.2	97.4	2592
recurly@recurly-client-java	2628465	14.7	142.9	2628
lambdazen@bitsy	2718079	18.3	117.0	2718
yiding-he@hydrogen-ssdb	2744395	15.0	119.0	2744
MarcGiffing@bucket4j-spring-boot-starter	2745242	11.0	116.9	2745
NicolaasWeideman@RegexStaticAnalysis	2772089	15.0	108.0	2772
jonashackt@cxf-spring-cloud-netflix-docker	2786510	12.6	101.0	2787
Lambda-3@DiscourseSimplification	2790873	16.8	123.0	2791
graphaware@neo4j-algorithms	2855963	17.1	147.0	2856
chenjunwen@SpringBootFrame	2903021	15.9	162.0	2903
rpgleparser@rpgleparser	2928261	14.3	141.5	2928
kangarko@Foundation	2931430	16.4	152.1	2931
radkovo@jStyleParser	3010295	20.3	161.5	3010
tzolov@coap-shell	3079865	15.8	112.7	3080
sopra-steria-norge@extreme_startup_servers	3113693	17.3	161.3	3114
kumuluz@kumuluzee	3121430	15.7	127.3	3121
couchbaselabs@try-cb-java	3121901	16.0	113.7	3122
casteng@i-pascal	3125812	15.7	145.8	3126
aerospike@aerospike-client-java	3143404	17.6	167.6	3143
agrestio@agrest	3145351	15.4	144.5	3145
apache@maven-wagon	3169157	14.0	118.2	3169
jenkinsci@maven-plugin	3171733	15.5	139.4	3172
filip26@titanium-json-ld	3176355	14.6	154.6	3176
mploed@event-driven-spring-boot	3199427	15.2	141.2	3199
semanticvectors@semanticvectors	3229492	14.6	143.9	3229
jenkinsci@dingtalk-plugin	3400726	12.3	135.8	3401
arul028@urltodrive	3405703	14.2	49.2	3406
neva-dev@felix-search-webconsole-plugin	3413754	15.0	104.1	3414
tranxactive@J2PAY	3439907	15.4	118.6	3440
sawano@alphanumeric-comparator	3486222	13.9	100.5	3486
vqtran@EchoQuery	3553431	15.2	111.4	3553
jruby@jruby-openssl	3609235	13.9	170.6	3609
chungkwong@MathOCR	3609456	15.8	162.9	3609
aws-samples@amazon-comprehend-medical-fhir-integration	3659053	16.0	105.0	3659
mybatis@mybatis-dynamic-sql	3673604	13.8	131.1	3674
MorphiaOrg@morphia	3769475	15.5	194.4	3769
Jawf@DataX-Migration	3809683	16.3	134.3	3810
jenkinsci@artifact-manager-s3-plugin	3814685	13.9	126.4	3815
microbean@microbean-helm	3827633	3.8	54.3	3828
brettwooldridge@HikariJSON	3847603	6.5	154.4	3848
apache@maven-assembly-plugin	3857583	13.9	128.1	3858
qwang66@j-webp	3883373	15.4	117.8	3883
mujave@iec	3893578	16.3	56.0	3894
hydromatic@morel	3945107	14.1	112.9	3945
VGEAREN@webdav-caiyun	3951088	15.9	139.7	3951
camel-tooling@camel-language-server	3977928	15.5	93.0	3978
keycloak@keycloak-benchmark	4134280	15.0	106.4	4134
Ifsttar@qrtone	4150456	12.8	139.9	4150
bit4woo@Fiora	4162124	15.2	138.6	4162
kobeyk@Spring-Boot-Neo4j-Movies	4249976	14.6	133.6	4250
jerrysearch@tns	4254658	17.2	136.9	4255
spring-cloud@spring-cloud-stream-binder-kafka	4283355	15.7	144.7	4283
koca2000@NoteBlockAPI	4296504	17.3	113.3	4297
Blazemeter@HLSPlugin	4320229	16.5	159.7	4320
apache@maven-release	4346671	11.9	161.0	4347
jmrapp1@NitroNet	4384586	16.2	135.8	4385
Icemap@MapServer	4486855	13.4	126.5	4487
c0ny1@passive-scan-client	4526931	13.4	101.3	4527
Esri@geometry-api-java	4576666	15.0	122.4	4577
t-oster@LibLaserCut	4588033	12.0	126.8	4588
wanwujiedao@spring-boot-starter-canal	4603089	12.3	22.0	4603
jenkinsci@jira-steps-plugin	4692719	9.9	118.3	4693
ZimoLoveShuang@DouYinVideoCrawler	4695248	15.4	138.7	4695
quickmsg@smqtt	4746134	13.0	151.0	4746
square@connect-java-sdk	4808192	16.3	169.3	4808
obsidiandynamics@kafdrop	4899852	14.4	138.1	4900
mediathekview@MediathekView	4971215	16.7	154.6	4971
apache@james-mime4j	4981938	12.8	151.2	4982
Auties00@WhatsappWeb4j	4984914	18.1	136.1	4985
rrd4j@rrd4j	4994681	10.7	151.0	4995
dee1024@sloth	5060497	14.9	110.4	5060
mikera@tyrant	5067174	15.4	149.4	5067
jenkinsci@hubot-steps-plugin	5099116	12.6	102.0	5099
jenkinsci@performance-plugin	5103807	14.6	158.8	5104
NicholasAStuart@myo-java	5112852	16.1	130.6	5113
overview@mime-types	5138943	14.3	101.4	5139
peterchenhdu@tank-battle	5159731	11.3	135.6	5160
TyCoding@springboot-seckill	5285534	13.9	106.4	5286
ihaolin@diablo	5291458	15.5	125.4	5291
spring-petclinic@spring-petclinic-microservices	5317108	15.1	101.0	5317
datastax@metric-collector-for-apache-cassandra	5366487	18.4	134.9	5366
koushikkothagal@ipl-dashboard	5396692	13.2	99.2	5397
knowm@jspice	5544041	16.0	133.4	5544
leewyatt@rxcontrols	5547986	12.7	118.6	5548
taofen8@salyut	5562389	15.4	108.8	5562
yahoojapan@yosegi	5615265	14.8	127.4	5615
mangstadt@ez-vcard	5655544	7.4	32.4	5656
whwlsfb@BurpCrypto	5667741	12.0	135.8	5668
CodinGame@LegendsOfCodeAndMagic	5781337	11.6	132.8	5781
bbonnin@zeppelin-mongodb-interpreter	5807284	13.8	140.6	5807
mcMMO-Dev@mcMMO	5875142	12.9	167.8	5875
polarismesh@polaris-java	5893950	22.7	132.0	5894
shunyang@spring-cloud-microservice-study	5916725	13.1	124.4	5917
eclipse-vertx@vertx-sql-client	5936645	17.5	166.5	5937
cflint@CFLint	5937249	14.5	145.6	5937
jMotif@sax-vsm_classic	6011593	13.2	131.7	6012
aido@AidoATP	6067481	16.1	113.4	6067
SoftInstigate@restheart	6075770	9.4	169.1	6076
JSQLParser@JSqlParser	6113260	12.8	147.1	6113
Stratio@stratio-connector-cassandra	6161796	13.9	108.5	6162
BentoBoxWorld@BentoBox	6223839	14.6	176.9	6224
perfree@go-fastdfs-web	6405935	14.4	50.5	6406
opendingtalk@eapp-corp-project	6531726	10.9	103.3	6532
antlrjavaparser@antlr-java-parser	6552023	13.9	135.9	6552
jomarnavarro@introWebDriver	6567971	16.0	156.8	6568
tcurdt@jdependency	6576065	12.8	135.2	6576
xpmatteo@birthday-greetings-kata	6667628	14.8	137.9	6668
shunfei@DCMonitor	6760384	14.7	143.7	6760
BetonQuest@BetonQuest	6780095	16.5	174.9	6780
LOOHP@Limbo	6815671	13.1	142.3	6816
sniffy@sniffy	7040230	15.1	139.1	7040
imglib@imglib2	7051150	12.9	150.9	7051
apache@maven-plugin-tools	7070517	15.9	26.1	7071
apache@commons-configuration	7186910	13.1	156.0	7187
milesibastos@jTDS	7466610	13.7	124.3	7467
dibo-software@diboot	7693068	15.3	175.8	7693
yuequan1997@watchdog-spring-boot-starter	7886395	13.1	146.8	7886
funnyzpc@mee-admin	8113889	16.1	105.2	8114
majianzheng@jarboot	8257033	13.9	165.0	8257
houbb@segment	8379834	15.5	76.3	8380
Sweetiee-yi@Jaba	8489253	15.2	105.3	8489
808Mak1r@GodzillaSource	8920893	16.4	139.9	8921
Conanjun@passive-scan-client-and-sendto	8921556	10.5	141.2	8922
zuihou@lamp-util	9042569	16.3	155.6	9043
sofastack@sofa-tracer	9126089	14.4	178.1	9126
phronmophobic@clj-cef	9205090	14.8	106.6	9205
de-luxe@burstcoin-jminer	9286061	15.7	137.8	9286
lgxqf@UICrawler	9316134	13.0	133.9	9316
guoliangdi@springcloudFeign	9354469	12.0	130.8	9354
gomint@gomint	9357161	12.4	258.4	9357
openwms@org.openwms	9499095	14.8	140.7	9499
rainbowda@learning	9537282	11.8	145.3	9537
apache@openwebbeans	9683252	12.0	235.0	9683
diguage@jdk-source-analysis	9733736	13.3	109.6	9734
jxnu-liguobin@blog	9934622	12.5	127.3	9935
MangoAutomation@ma-core-public	9967666	12.3	93.8	9968
spring-projects@spring-data-geode	9970215	12.5	168.2	9970
consulo@consulo-csharp	9983036	16.7	164.7	9983
datanucleus@datanucleus-core	10227067	15.7	225.0	10227
sjr7@wenda	10272870	17.3	139.8	10273
snowflakedb@snowflake-jdbc	10517628	12.6	154.5	10518
Arakne@Araknemu	10737826	17.9	255.4	10738
OpenCCG@openccg	10860844	13.1	159.4	10861
bennidi@eventbus-performance	10977497	14.8	121.5	10977
JavaMoney@jsr354-ri	11083904	13.6	109.5	11084
FirelyTeam@fhirstarters	11435797	16.2	132.0	11436
dromara@forest	11623961	15.3	179.3	11624
Gaming32@ArrayV	11640723	15.1	129.3	11641
rieckpil@getting-started-with-microprofile	11673401	20.4	134.4	11673
pokiuwu@v203.4	11722770	17.8	170.0	11723
nyholku@purejavacomm	11812596	16.8	111.6	11813
jakartaee@rest	12068481	15.6	199.3	12068
awslabs@amazon-kinesis-video-streams-producer-sdk-java	12143224	14.7	45.3	12143
chauth@confluence_http_authenticator	12361055	12.4	106.1	12361
anthonyraymond@joal	12495579	15.0	147.3	12496
webtutsplus@ecommerce-backend	12507804	12.7	122.8	12508
FasterXML@jackson-databind	12649609	14.2	250.8	12650
sjr7@seckill	12736956	17.9	112.8	12737
bhlangonijr@chesslib	12808497	13.8	113.8	12808
spring-projects-experimental@spring-cloud-sleuth-otel	12854145	11.7	122.3	12854
jiwenxing@spring-boot-demo	13207755	15.8	143.7	13208
frandallfarmer@neohabitat	13375676	4.3	43.0	13376
redis@redis-om-spring	13424881	14.4	144.9	13425
sayems@java.webdriver	13547045	14.3	30.6	13547
superzanti@ServerSync	13751598	13.1	134.4	13752
jgperrin@net.jgp.labs.spark	13780040	8.3	128.3	13780
RuedigerMoeller@kontraktor	13801130	13.7	171.6	13801
paukiatwee@budgetapp	13893089	13.2	140.2	13893
terrier-org@terrier-core	14104342	15.1	177.1	14104
shankybnl@MobileAutomationFramework	14185121	15.9	109.1	14185
cryptomator@cryptomator	15243408	16.6	154.8	15243
cojen@Tupl	15319864	18.8	140.4	15320
instruritesh@ZStreamingQuote	15331023	10.1	117.0	15331
alibaba@Sentinel	15470323	13.5	215.3	15470
swagger-api@swagger-parser	15552603	13.6	122.5	15553
ECharts-Java@ECharts-Java	16035162	17.4	155.9	16035
zifangsky@WebSocketDemo	16046444	13.8	108.0	16046
salesforce@zsync4j	17823688	14.6	144.1	17824
jenkinsci@warnings-ng-plugin	17925456	12.7	129.0	17925
medallia@Word2VecJava	18172776	7.0	82.6	18173
jasonwinning@hypernomicon	18278103	12.8	122.1	18278
antlr@antlr4	18503321	18.2	166.6	18503
xandone@wcdog	18506399	14.9	140.9	18506
FasterXML@jackson-datatype-joda	18571491	15.7	143.3	18571
yetingli@ReDoSHunter	18794705	17.5	124.6	18795
huyuanzhi2@CodeReview	18889476	17.0	139.5	18889
glaciall@jtt1078-video-server	18915816	15.9	130.2	18916
chenjianjx@srb4j	19328377	15.1	142.9	19328
wmixvideo@nfe	19663268	13.1	205.2	19663
pwntester@DupeKeyInjector	19716777	4.6	42.9	19717
jMotif@SAX	20392194	15.5	108.0	20392
quarkusio@quarkus-quickstarts	20412960	16.3	167.2	20413
rememberber@WeSync	21491523	17.4	34.0	21492
lwjglgamedev@lwjglbook	21551742	16.9	160.8	21552
zhengyunfei@springboot-hadmin	21783015	12.3	142.3	21783
scruel@ClipIt	22057785	15.9	135.7	22058
Col-E@Recaf	22123995	17.7	139.7	22124
javaterminal@TerminalFX	22293045	15.9	136.1	22293
hf200012@oceanus.bi	22716762	15.2	145.1	22717
wephone@MeiZhuoRPC	23659945	6.1	30.8	23660
aidanwhiteley@books	24264865	16.1	110.8	24265
wuchong@my-flink-project	24358135	13.2	136.4	24358
icza@scelight	24683489	13.6	35.8	24683
allr@purdue-fastr	26753424	14.2	167.9	26753
FasterXML@jackson-jaxrs-providers	27379295	12.1	133.2	27379
duoan@leetcode-java	27984337	16.5	120.9	27984
amoAHCP@vxms	28702509	12.5	133.1	28703
648540858@wvp-GB28181-pro	28888381	12.6	150.2	28888
mariubog@oauth-client-sample	29018408	15.8	100.4	29018
spring2go@Algorithms	29181419	10.0	26.0	29181
igniterealtime@Openfire	30277933	16.8	182.9	30278
MilkBowl@Vault	30294238	19.4	138.4	30294
realrolfje@anonimatron	30457968	16.0	108.9	30458
GateNLP@gate-core	32055580	13.6	178.6	32056
codefollower@Tomcat-Research	32371540	14.6	556.9	32372
20100507@emotional_analysis	32699571	15.7	111.7	32700
mses-bly@2D-Bin-Packing	33261471	11.8	144.5	33261
epam@parso	33726340	16.7	103.9	33726
adlered@bolo-solo	34653021	15.6	142.5	34653
88250@symphony	35138643	11.8	116.6	35139
automvc@bee	36183303	14.3	139.1	36183
spdx@tools	36220883	13.9	121.7	36221
jodastephen@jpms-module-names	36973439	19.7	101.3	36973
poynt@postman-runner	38034549	19.3	130.5	38035
johnlpage@POCDriver	38745072	17.1	133.4	38745
socrata@datasync	41718714	12.2	161.3	41719
JamesZBL@db-hospital-drug	42139355	12.0	131.9	42139
FasterXML@jackson-dataformats-text	42902111	12.7	124.9	42902
IdeaUJetBrains@SpringBootDockerDemoDebug	45277845	13.1	109.1	45278
zscott@MultiBitExchange	45305565	17.9	142.4	45306
apache@directory-server	45758909	14.2	233.4	45759
dcm4che@dcm4che	45777707	12.9	149.8	45778
chrisvest@stormpot	46790029	15.7	143.8	46790
faiqsohail@ProxyChecker	46957098	15.7	157.4	46957
hneemann@Digital	49219224	15.5	165.6	49219
semantic-systems@NLIWOD	49832323	15.9	79.4	49832
iriusrisk@zap-webdriver	50356783	14.6	127.0	50357
Byron4j@CookBook	51103688	17.1	141.2	51104
narkisr@nmap4j	52300451	15.2	155.9	52300
criteo@JVips	52681966	11.8	137.9	52682
senbox-org@s1tbx	52775374	15.0	188.7	52775
fayechenlong@plumelog	55331378	17.3	115.0	55331
aaronchen2k@ngtesting-platform	56453334	14.9	134.3	56453
GGG1235@SpringBoot-NewsSystem	60968924	15.4	138.9	60969
phax@phase4	62761384	14.8	126.4	62761
ZHENFENG13@My-Blog	63038463	7.9	141.2	63038
mwinteringham@restful-booker-platform	63063188	16.4	129.0	63063
apache@camel-k-runtime	63909210	15.4	30.0	63909
eliasnogueira@selenium-java-lean-test-architecture	65578373	14.3	148.5	65578
cchesser@java-perf-workshop	69891294	15.2	126.1	69891
1119864054@SSM_CRUD	73036614	15.3	119.8	73037
OpenHFT@Chronicle-Map	73855269	15.8	180.4	73855
Nasruddin@elasticsearch-reactive-spring-data	74613132	16.3	131.4	74613
blogchong@mite8-com	79125320	5.7	56.0	79125
MagicZer0@fastjson-rce-exploit	81261452	13.4	88.5	81261
asdfjkl@jerry	84235441	14.1	140.6	84235
bioinform@varsim	86364173	17.1	140.3	86364
EricSoftTM@OrionAlpha	88985363	18.0	154.2	88985
cdk@cdk	93153165	15.0	272.3	93153
igniteram@testng-cucumber	93387431	4.1	33.0	93387
lennartkoopmann@nzyme	93847771	16.3	113.2	93848
dl4s@dl4s	94561883	6.3	132.2	94562
shuaigeadou@avHelper	102681580	11.6	45.1	102682
Parquet@parquet-compatibility	110462941	15.0	105.9	110463
WasiqB@coteafs-appium	112804734	13.8	139.1	112805
zalopay-oss@jmeter-grpc-request	121080384	13.9	141.0	121080
ivangfr@springboot-kafka-connect-jdbc-streams	129182207	15.3	136.4	129182
cheese10yun@spring-guide	143777209	12.6	141.4	143777
lsds@Saber	148018559	12.8	107.4	148019
Reading-eScience-Centre@edal-java	152786833	17.8	143.0	152787
where12138@HIKVISIONServer	162742608	4.5	113.1	162743
CROSSINGTUD@SPDS	181953209	13.2	139.8	181953
micycle1@PGS	184906930	13.9	136.5	184907
geosdi@geo-platform	205818275	16.8	601.6	205818
phiresky@tuxguitar	223276767	14.8	251.5	223277
thothbot@parallax	223928284	15.3	149.1	223928
ngageoint@tiff-java	229087461	16.1	100.0	229087
Iurii-Dziuban@algorithms	230717181	12.8	142.8	230717
nodebox@nodebox	233389692	15.2	156.2	233390
mickleness@pumpernickel	237850931	16.5	199.6	237851
apache@systemds	245822780	14.8	221.1	245823
ysc@word	262034434	15.6	140.8	262034
tmobile@t-vault	269217736	14.2	162.1	269218
aws-samples@amazon-mq-workshop	278997895	13.9	133.9	278998
esrrhs@majiang_algorithm	288153443	16.1	108.4	288153
convisolabs@Burp-AppSecFlow	299954787	12.5	88.5	299955
wmr513@reactive	300069337	10.2	78.9	300069
SmartDataAnalytics@DL-Learner	342612860	7.1	53.5	342613
algolia@elasticsearch-topk-plugin	355689426	12.0	111.3	355689
apache@tika	381555125	18.9	331.4	381555
awslabs@amazon-kinesis-scaling-utils	446340435	14.4	113.1	446340
wcmc-its@ReCiter	446910123	11.2	148.5	446910
splicemachine@spliceengine	467330907	11.9	465.0	467331
ncats@molvec	522419435	11.9	109.8	522419
optimatika@ojAlgo	534530121	16.5	187.0	534530
opendedup@sdfs	723927218	15.4	213.1	723927
yermak@AudioBookConverter	788008588	13.3	130.4	788009
radsz@jacop	1983629294	18.0	137.6	1983629